ID,y
5760,168.79066
5761,156.39224
5762,139.50012
5763,99.9704
5764,60.855278
5765,61.62896
5766,106.47915
5767,241.15222
5768,333.7367
5769,289.09247
5770,253.78938
5771,305.61066
5772,380.58716
5773,438.85284
5774,444.0333
5775,458.61758
5776,449.3838
5777,420.61404
5778,526.3264
5779,389.81696
5780,335.26025
5781,324.2566
5782,323.44
5783,259.68472
5784,206.46414
5785,237.31491
5786,183.48842
5787,122.39498
5788,78.15504
5789,65.38695
5790,113.37636
5791,182.556
5792,209.51367
5793,233.95174
5794,214.56102
5795,274.06992
5796,317.8171
5797,326.7488
5798,316.07425
5799,326.69382
5800,313.91452
5801,400.56384
5802,399.968
5803,408.70508
5804,373.6207
5805,370.45978
5806,387.0603
5807,353.07034
5808,454.64584
5809,397.02103
5810,302.497
5811,227.58604
5812,145.14111
5813,112.711136
5814,141.1851
5815,231.16151
5816,316.04425
5817,343.19403
5818,285.41342
5819,308.17242
5820,470.9881
5821,556.2456
5822,650.21405
5823,582.64856
5824,567.8219
5825,470.3617
5826,376.3561
5827,360.83664
5828,371.04156
5829,375.31274
5830,359.4047
5831,329.1963
5832,315.79782
5833,291.42862
5834,200.58347
5835,130.78075
5836,87.548904
5837,47.623135
5838,26.240917
5839,15.74136
5840,9.211822
5841,13.1400175
5842,8.965896
5843,13.3295765
5844,19.797419
5845,12.963844
5846,47.252823
5847,52.100964
5848,57.754124
5849,87.43238
5850,117.75568
5851,120.490524
5852,118.60417
5853,127.263725
5854,136.49506
5855,124.10097
5856,130.51492
5857,121.1845
5858,108.11022
5859,89.8217
5860,63.71575
5861,52.00664
5862,84.032394
5863,118.86393
5864,140.30466
5865,145.48438
5866,170.32692
5867,199.51462
5868,233.85036
5869,246.16685
5870,283.64047
5871,288.40143
5872,312.97888
5873,298.29272
5874,328.70282
5875,274.02393
5876,232.7416
5877,226.96193
5878,222.6034
5879,162.19804
5880,198.24734
5881,165.85503
5882,133.11977
5883,87.22646
5884,64.282234
5885,76.446434
5886,171.45282
5887,439.02008
5888,614.49524
5889,330.05637
5890,237.53828
5891,259.9729
5892,307.88104
5893,271.51108
5894,306.12112
5895,269.06668
5896,294.36267
5897,412.49652
5898,592.5067
5899,372.18982
5900,314.17117
5901,299.2989
5902,280.70352
5903,198.97487
5904,173.25949
5905,153.78181
5906,132.75647
5907,77.603836
5908,52.217125
5909,60.48726
5910,133.17328
5911,325.612
5912,526.04614
5913,305.35504
5914,220.3758
5915,231.2775
5916,228.6902
5917,231.09021
5918,251.07486
5919,286.79486
5920,283.61884
5921,392.20853
5922,437.4599
5923,348.45627
5924,299.33615
5925,302.10147
5926,273.3087
5927,216.72003
5928,220.98138
5929,197.67607
5930,147.91289
5931,89.46917
5932,62.383648
5933,69.492645
5934,136.2694
5935,375.19214
5936,534.20074
5937,432.96103
5938,275.7477
5939,302.65717
5940,347.03903
5941,352.34714
5942,328.7152
5943,323.2764
5944,333.91354
5945,459.7827
5946,534.92645
5947,417.4037
5948,331.91397
5949,327.21143
5950,329.17526
5951,239.35612
5952,302.40256
5953,273.66693
5954,193.19362
5955,128.52396
5956,84.044136
5957,96.18007
5958,203.18114
5959,486.42526
5960,721.75555
5961,455.7172
5962,335.64734
5963,344.38745
5964,421.9473
5965,431.978
5966,429.07028
5967,469.62057
5968,472.5865
5969,479.2252
5970,684.94714
5971,377.25772
5972,336.85675
5973,322.40985
5974,320.84357
5975,254.51907
5976,290.75168
5977,261.86038
5978,204.4119
5979,136.75108
5980,93.70067
5981,66.8858
5982,86.903015
5983,154.27391
5984,225.83337
5985,250.43074
5986,233.86105
5987,280.1442
5988,349.59366
5989,387.98236
5990,378.0333
5991,317.67285
5992,268.57306
5993,193.65126
5994,78.81622
5995,85.93661
5996,107.588905
5997,96.32699
5998,86.040306
5999,89.40891
6000,130.37994
6001,93.50174
6002,101.773895
6003,67.35012
6004,49.590652
6005,38.053562
6006,45.98224
6007,58.701313
6008,58.78086
6009,110.50755
6010,157.03735
6011,196.71161
6012,258.18396
6013,302.7855
6014,314.93463
6015,303.45615
6016,273.40292
6017,223.6306
6018,231.34544
6019,212.9057
6020,192.02547
6021,183.3963
6022,169.82686
6023,159.84756
6024,160.16588
6025,162.68944
6026,118.04987
6027,89.772026
6028,60.475174
6029,45.97566
6030,57.41162
6031,91.51827
6032,150.86589
6033,170.28874
6034,178.34853
6035,234.87793
6036,303.18497
6037,380.68353
6038,384.76892
6039,410.07724
6040,359.96295
6041,324.48303
6042,282.9228
6043,218.63548
6044,209.72438
6045,203.46365
6046,206.22603
6047,164.60333
6048,171.44537
6049,154.14612
6050,109.15715
6051,65.721725
6052,48.344578
6053,76.646126
6054,178.51077
6055,395.61407
6056,593.8814
6057,392.51984
6058,284.29474
6059,269.45096
6060,325.3055
6061,298.42163
6062,222.95534
6063,186.30418
6064,93.40674
6065,185.77432
6066,140.48393
6067,139.24115
6068,170.45236
6069,238.27396
6070,197.32837
6071,103.35082
6072,111.62277
6073,105.680405
6074,79.11542
6075,43.86164
6076,33.433773
6077,32.55876
6078,80.54568
6079,237.37343
6080,382.25952
6081,206.70273
6082,140.93367
6083,143.90282
6084,149.30191
6085,149.41144
6086,154.39409
6087,162.4613
6088,166.462
6089,222.11227
6090,398.11792
6091,247.40753
6092,198.39146
6093,205.93222
6094,191.46718
6095,109.455444
6096,86.993645
6097,76.270386
6098,61.12438
6099,41.629265
6100,28.319117
6101,31.342093
6102,74.505615
6103,220.99803
6104,369.57916
6105,206.50441
6106,137.12668
6107,145.84772
6108,153.05649
6109,155.04826
6110,145.49928
6111,154.66148
6112,178.8875
6113,218.6018
6114,349.05563
6115,242.20934
6116,200.32816
6117,187.07394
6118,158.97638
6119,109.197395
6120,90.29097
6121,80.490234
6122,65.019264
6123,44.487934
6124,30.17702
6125,35.23241
6126,77.895645
6127,232.16875
6128,436.67712
6129,187.82324
6130,137.67525
6131,146.24857
6132,150.28145
6133,152.48282
6134,157.6862
6135,168.97821
6136,173.35883
6137,221.89188
6138,343.97665
6139,229.31393
6140,196.39174
6141,196.72784
6142,173.67181
6143,119.4978
6144,106.902626
6145,93.79517
6146,69.168434
6147,45.64627
6148,31.874111
6149,34.636814
6150,80.28233
6151,235.56862
6152,382.8385
6153,203.80545
6154,141.38445
6155,152.90352
6156,156.10942
6157,156.54587
6158,157.60223
6159,164.56918
6160,178.4958
6161,220.8397
6162,340.7245
6163,220.28323
6164,187.42235
6165,188.82045
6166,184.48715
6167,133.11328
6168,116.187096
6169,103.63176
6170,86.4819
6171,55.864586
6172,34.53553
6173,25.835302
6174,39.457863
6175,78.2223
6176,117.945724
6177,142.21822
6178,133.71312
6179,156.37874
6180,196.53029
6181,223.44789
6182,262.30716
6183,282.16736
6184,274.75192
6185,230.36617
6186,211.85553
6187,170.92215
6188,141.48695
6189,145.33467
6190,142.914
6191,118.827034
6192,136.50319
6193,130.05719
6194,92.78605
6195,69.802704
6196,43.464375
6197,31.325403
6198,37.16234
6199,61.093403
6200,102.59369
6201,156.15982
6202,146.69228
6203,189.28831
6204,250.49606
6205,261.5882
6206,274.07385
6207,244.6049
6208,205.0217
6209,200.62086
6210,171.95224
6211,119.9944
6212,121.57883
6213,115.81401
6214,108.037094
6215,71.70665
6216,118.464615
6217,91.71595
6218,65.2983
6219,40.43219
6220,30.822071
6221,45.91333
6222,99.00997
6223,242.61366
6224,499.43054
6225,223.4103
6226,144.28401
6227,164.51309
6228,187.06093
6229,194.72185
6230,193.28317
6231,200.75244
6232,216.54256
6233,251.98555
6234,507.7768
6235,318.23413
6236,242.30544
6237,218.54886
6238,200.62125
6239,128.78395
6240,110.10323
6241,102.302635
6242,79.17815
6243,46.405647
6244,28.501902
6245,33.103462
6246,83.071335
6247,244.56094
6248,518.0326
6249,276.8297
6250,176.15366
6251,195.83664
6252,253.37247
6253,263.6
6254,253.26689
6255,247.8326
6256,153.96562
6257,110.383736
6258,86.64338
6259,95.33258
6260,97.245766
6261,90.39751
6262,162.96407
6263,170.20668
6264,164.8234
6265,155.0136
6266,123.82994
6267,77.54177
6268,53.607014
6269,61.842678
6270,158.26872
6271,294.15894
6272,437.7579
6273,301.95673
6274,237.75732
6275,237.5359
6276,287.94797
6277,275.04437
6278,283.33118
6279,301.88907
6280,323.57898
6281,382.18134
6282,614.49493
6283,400.26257
6284,348.25793
6285,314.9076
6286,263.63043
6287,209.05313
6288,131.60846
6289,154.40196
6290,118.4501
6291,83.312325
6292,50.76181
6293,54.062675
6294,101.72858
6295,285.84708
6296,632.997
6297,251.31189
6298,196.06639
6299,251.77092
6300,270.10883
6301,292.51807
6302,289.38818
6303,321.6726
6304,350.20447
6305,386.37027
6306,529.7083
6307,368.3116
6308,314.52914
6309,307.63538
6310,263.72208
6311,192.28613
6312,166.81918
6313,148.32607
6314,115.84969
6315,87.4406
6316,59.576756
6317,67.15137
6318,145.57973
6319,324.75516
6320,742.4736
6321,268.36554
6322,235.82364
6323,277.28854
6324,343.8207
6325,290.42496
6326,332.98718
6327,351.89328
6328,374.3265
6329,414.78665
6330,509.8828
6331,398.6099
6332,302.20206
6333,279.5648
6334,184.18742
6335,98.43904
6336,50.04735
6337,59.059143
6338,78.32916
6339,35.106903
6340,42.69636
6341,55.384266
6342,115.54549
6343,312.35568
6344,703.0973
6345,200.70047
6346,193.21452
6347,255.88284
6348,272.00507
6349,326.59973
6350,324.959
6351,360.49768
6352,443.44318
6353,388.0316
6354,800.8768
6355,457.67035
6356,377.5253
6357,391.18256
6358,348.15964
6359,264.7506
6360,216.6415
6361,188.74861
6362,153.65172
6363,117.00906
6364,77.20437
6365,52.838398
6366,70.795715
6367,110.42338
6368,224.51506
6369,205.86722
6370,228.69817
6371,296.98346
6372,367.1298
6373,425.75497
6374,429.82016
6375,451.0215
6376,456.62534
6377,406.14532
6378,387.54822
6379,282.3165
6380,229.95198
6381,225.68126
6382,223.22469
6383,178.41402
6384,174.81017
6385,171.37354
6386,137.99283
6387,96.49239
6388,60.26638
6389,45.591747
6390,57.20765
6391,90.56685
6392,154.13809
6393,190.53746
6394,232.41609
6395,280.3889
6396,370.5225
6397,461.90723
6398,495.5475
6399,535.2158
6400,485.65024
6401,460.45914
6402,379.1204
6403,272.62302
6404,185.38019
6405,174.1665
6406,156.60686
6407,128.94556
6408,153.25848
6409,121.22865
6410,77.24274
6411,56.261326
6412,42.94471
6413,61.659676
6414,139.79752
6415,344.90808
6416,730.69946
6417,307.06088
6418,247.86154
6419,324.02136
6420,349.15967
6421,425.1729
6422,471.51505
6423,453.70377
6424,446.56903
6425,573.8496
6426,738.484
6427,575.82153
6428,402.44373
6429,392.72598
6430,339.1871
6431,265.79022
6432,189.94093
6433,161.66364
6434,117.1864
6435,77.07133
6436,53.634373
6437,66.133705
6438,164.99742
6439,332.99957
6440,634.3619
6441,360.89877
6442,277.1109
6443,293.49872
6444,310.33246
6445,313.09457
6446,315.4148
6447,342.3002
6448,372.46164
6449,482.68268
6450,677.08154
6451,452.95303
6452,436.84393
6453,440.69653
6454,445.55658
6455,306.88565
6456,221.13
6457,189.90498
6458,142.03862
6459,105.84632
6460,76.15403
6461,87.03207
6462,183.40959
6463,406.9314
6464,734.38916
6465,401.3328
6466,296.2757
6467,295.4436
6468,216.3702
6469,162.77861
6470,64.495995
6471,28.761972
6472,25.334026
6473,14.217217
6474,20.786251
6475,12.875539
6476,36.88078
6477,55.72148
6478,91.128006
6479,136.46213
6480,240.13853
6481,204.41843
6482,150.00995
6483,105.3517
6484,71.98857
6485,84.3023
6486,182.33286
6487,457.36383
6488,1007.0448
6489,501.03418
6490,410.7902
6491,436.54535
6492,418.48026
6493,219.68721
6494,114.65374
6495,165.71817
6496,241.58232
6497,452.0343
6498,637.5943
6499,158.4863
6500,140.49512
6501,185.3298
6502,204.25024
6503,205.52579
6504,204.81679
6505,149.77281
6506,124.32806
6507,85.455696
6508,54.33911
6509,68.825615
6510,131.06949
6511,473.56686
6512,698.0337
6513,487.60333
6514,447.13943
6515,505.34634
6516,584.3514
6517,643.3937
6518,673.43475
6519,718.94135
6520,745.92706
6521,864.8978
6522,1019.7564
6523,754.0986
6524,549.9833
6525,518.5318
6526,467.47687
6527,352.05222
6528,272.21396
6529,227.6185
6530,146.5421
6531,90.28817
6532,66.74514
6533,79.99519
6534,162.07635
6535,449.674
6536,981.5243
6537,513.4966
6538,430.83014
6539,518.9204
6540,632.87384
6541,673.5362
6542,851.689
6543,981.23975
6544,1103.941
6545,1149.7748
6546,1141.6647
6547,780.86053
6548,605.8618
6549,552.09424
6550,495.91934
6551,401.69006
6552,367.90668
6553,327.06995
6554,258.42352
6555,188.83144
6556,137.32867
6557,107.65711
6558,144.87317
6559,319.46487
6560,396.59586
6561,345.88208
6562,438.56522
6563,513.6538
6564,698.5032
6565,914.63824
6566,892.8915
6567,817.5349
6568,713.55164
6569,524.92487
6570,645.0322
6571,492.84692
6572,429.48682
6573,399.80286
6574,404.87454
6575,238.14526
6576,252.26085
6577,217.7183
6578,169.53914
6579,127.07526
6580,86.549805
6581,62.82291
6582,83.54743
6583,169.09001
6584,243.67743
6585,374.9784
6586,407.3758
6587,554.30084
6588,832.1124
6589,940.69336
6590,1042.4882
6591,1160.4862
6592,1227.3624
6593,1242.3448
6594,1068.4688
6595,624.55084
6596,415.99847
6597,417.79596
6598,388.03714
6599,313.89746
6600,215.76758
6601,85.949646
6602,82.337814
6603,72.23033
6604,50.237206
6605,72.990166
6606,170.76183
6607,331.69247
6608,600.9922
6609,360.4791
6610,403.5042
6611,560.5043
6612,567.4457
6613,647.5454
6614,733.91864
6615,814.15234
6616,900.298
6617,1186.0022
6618,1754.787
6619,1399.0089
6620,1186.5984
6621,884.20966
6622,649.8021
6623,436.5062
6624,317.84088
6625,252.9888
6626,188.8679
6627,128.97894
6628,92.28018
6629,110.64939
6630,295.6361
6631,656.2255
6632,1063.4987
6633,679.9018
6634,499.2108
6635,606.298
6636,669.94904
6637,701.93555
6638,722.52686
6639,833.6681
6640,943.09485
6641,1228.8358
6642,1685.3475
6643,1334.1602
6644,959.3727
6645,946.8718
6646,809.6417
6647,541.61176
6648,376.00436
6649,303.6258
6650,254.70824
6651,169.63585
6652,112.67981
6653,136.35675
6654,264.44882
6655,654.8171
6656,1031.1917
6657,582.8912
6658,534.4734
6659,588.0472
6660,679.1802
6661,719.0555
6662,814.82733
6663,919.3006
6664,1020.0589
6665,1393.5713
6666,1845.983
6667,1278.2228
6668,1132.759
6669,929.3452
6670,912.2044
6671,554.7371
6672,425.39923
6673,335.0793
6674,261.00845
6675,191.64813
6676,116.49388
6677,127.901344
6678,311.37018
6679,750.0677
6680,1199.8325
6681,633.7596
6682,570.3638
6683,616.9736
6684,791.94495
6685,773.12604
6686,807.17004
6687,861.2166
6688,981.74945
6689,1318.5162
6690,1796.9198
6691,1298.0343
6692,1092.2985
6693,1051.833
6694,756.6956
6695,558.77985
6696,403.83298
6697,365.7958
6698,265.4646
6699,159.98909
6700,119.941826
6701,137.97427
6702,285.80035
6703,647.287
6704,1068.7954
6705,773.6811
6706,530.8573
6707,833.244
6708,884.81995
6709,897.2645
6710,957.3537
6711,1069.601
6712,1077.8851
6713,1383.6042
6714,1762.1256
6715,1251.5186
6716,1122.4865
6717,868.25354
6718,844.9116
6719,600.98505
6720,442.9233
6721,408.8154
6722,293.13675
6723,200.66956
6724,134.14215
6725,109.76983
6726,157.90952
6727,293.96008
6728,351.43652
6729,593.1959
6730,625.6188
6731,727.94586
6732,955.2324
6733,1033.6078
6734,1155.8297
6735,1253.5087
6736,1296.2992
6737,1406.2831
6738,1464.9425
6739,1179.7767
6740,871.5084
6741,954.9751
6742,808.10895
6743,539.5702
6744,619.9497
6745,490.9838
6746,400.29462
6747,271.73282
6748,195.56415
6749,166.08904
6750,236.84746
6751,423.0051
6752,673.18463
6753,721.886
6754,682.10376
6755,911.26404
6756,1378.2903
6757,1242.692
6758,1320.5863
6759,1555.344
6760,1650.3473
6761,1769.331
6762,1767.6681
6763,1650.437
6764,1317.5979
6765,1415.836
6766,1150.6902
6767,898.3472
6768,639.12415
6769,476.52475
6770,381.70673
6771,294.32196
6772,180.1775
6773,139.94539
6774,192.03535
6775,287.80164
6776,338.66898
6777,378.80054
6778,273.01535
6779,444.8681
6780,626.365
6781,777.302
6782,586.7235
6783,354.6593
6784,215.01411
6785,104.655235
6786,102.63959
6787,45.3074
6788,18.396301
6789,26.530285
6790,17.593086
6791,17.05107
6792,88.06822
6793,37.649117
6794,41.653767
6795,15.719712
6796,7.017127
6797,3.389173
6798,6.7261996
6799,9.188374
6800,11.634829
6801,9.610484
6802,6.7160535
6803,3.6624439
6804,7.4067593
6805,9.231138
6806,14.494627
6807,18.884377
6808,29.035704
6809,28.268599
6810,35.971165
6811,32.0408
6812,69.10827
6813,151.27122
6814,342.87308
6815,298.5147
6816,271.17456
6817,159.38344
6818,55.47117
6819,33.526264
6820,56.511375
6821,86.18661
6822,308.1877
6823,926.441
6824,1314.048
6825,818.74896
6826,631.28186
6827,687.4634
6828,843.49426
6829,835.0801
6830,858.32184
6831,970.787
6832,1161.1228
6833,1622.6884
6834,1955.5026
6835,1457.1272
6836,1339.6355
6837,1201.3896
6838,1145.9882
6839,728.44653
6840,566.91345
6841,335.1124
6842,239.37279
6843,154.29591
6844,114.67211
6845,137.6637
6846,324.60297
6847,964.58124
6848,1136.8645
6849,873.19977
6850,570.56836
6851,888.7881
6852,1005.6398
6853,1078.9099
6854,1108.1012
6855,1170.3757
6856,1232.9072
6857,1725.6229
6858,2120.1592
6859,1867.4321
6860,1581.4727
6861,1547.2323
6862,1371.1445
6863,882.2437
6864,584.564
6865,441.05118
6866,338.3418
6867,190.58936
6868,136.94221
6869,137.56094
6870,375.55835
6871,771.48804
6872,1224.3608
6873,696.8165
6874,680.79816
6875,798.3778
6876,923.5533
6877,919.77325
6878,1055.5726
6879,1156.6704
6880,1350.6163
6881,1535.7833
6882,2072.9792
6883,1579.468
6884,1335.6338
6885,933.20593
6886,924.4856
6887,639.2022
6888,463.94156
6889,392.04062
6890,264.58932
6891,184.75204
6892,127.25929
6893,137.98921
6894,320.74536
6895,777.85077
6896,1182.6893
6897,688.8938
6898,724.41077
6899,816.84595
6900,913.16534
6901,1038.4948
6902,1046.9702
6903,1093.08
6904,1314.3086
6905,1510.3309
6906,2119.016
6907,1719.443
6908,1399.7068
6909,1298.3568
6910,1007.65625
6911,695.2009
6912,592.3203
6913,547.32996
6914,373.01672
6915,245.75624
6916,174.1827
6917,144.3516
6918,219.5895
6919,435.29504
6920,618.23724
6921,701.3447
6922,779.072
6923,937.4232
6924,1213.8582
6925,1236.4001
6926,1235.1539
6927,1387.9755
6928,1548.3394
6929,1544.7495
6930,1777.9186
6931,1615.6647
6932,1328.1428
6933,1067.826
6934,948.8397
6935,693.26935
6936,573.08673
6937,426.2108
6938,340.61517
6939,211.53171
6940,138.61493
6941,102.18957
6942,161.06279
6943,286.96957
6944,567.53986
6945,648.66626
6946,812.05634
6947,943.461
6948,1190.6412
6949,1291.1001
6950,1355.2329
6951,1515.5981
6952,1444.5852
6953,1315.3594
6954,1708.405
6955,1335.344
6956,1256.0408
6957,1199.0032
6958,1009.4029
6959,683.3939
6960,539.6793
6961,341.0488
6962,211.90584
6963,151.75586
6964,128.63065
6965,177.5217
6966,454.5108
6967,877.3726
6968,1504.3947
6969,818.5655
6970,714.7367
6971,765.9567
6972,916.2237
6973,936.7266
6974,971.25604
6975,1173.3485
6976,1244.255
6977,1637.1919
6978,2112.6548
6979,1679.6514
6980,1490.0186
6981,1338.0631
6982,1138.5691
6983,755.2782
6984,635.26086
6985,490.91544
6986,261.2048
6987,172.93452
6988,127.90769
6989,195.87166
6990,458.87354
6991,1092.8538
6992,1615.0854
6993,1103.6143
6994,937.366
6995,1095.6945
6996,1209.5514
6997,1319.5797
6998,1233.3594
6999,1348.7603
7000,1638.6523
7001,2103.649
7002,2758.7856
7003,2072.4011
7004,1848.555
7005,1701.6051
7006,1524.9017
7007,857.9008
7008,785.24335
7009,614.7801
7010,452.23438
7011,290.29565
7012,193.27304
7013,182.72566
7014,361.23157
7015,753.3154
7016,903.2387
7017,899.7941
7018,939.6362
7019,1011.5451
7020,1128.7147
7021,899.2571
7022,870.2298
7023,187.35237
7024,111.53158
7025,85.05762
7026,63.021503
7027,57.909435
7028,109.6733
7029,119.905
7030,86.56364
7031,31.324919
7032,48.389954
7033,46.120525
7034,52.18658
7035,141.24483
7036,104.16027
7037,178.24107
7038,525.44824
7039,1349.7993
7040,1851.8848
7041,1078.4326
7042,887.54126
7043,1054.0226
7044,1175.3263
7045,1274.532
7046,1252.1394
7047,1450.8486
7048,1652.4836
7049,2137.3289
7050,2816.6716
7051,2137.922
7052,1837.9298
7053,1693.244
7054,1527.3723
7055,989.5357
7056,714.1187
7057,598.0184
7058,438.62857
7059,279.74414
7060,199.19208
7061,218.24977
7062,496.25522
7063,1158.323
7064,1827.6531
7065,988.4798
7066,983.5684
7067,1049.5073
7068,1184.4287
7069,1289.5823
7070,1174.3533
7071,1283.512
7072,1555.6473
7073,2092.567
7074,2819.8352
7075,2083.1528
7076,1976.5515
7077,1685.8595
7078,1395.6967
7079,1130.0061
7080,789.1302
7081,620.59985
7082,452.07202
7083,256.06104
7084,181.55525
7085,201.6893
7086,487.01474
7087,1073.8201
7088,1959.1687
7089,1184.9202
7090,834.883
7091,1193.7274
7092,1312.3053
7093,1251.635
7094,1360.2361
7095,1501.4572
7096,1725.4412
7097,2190.0955
7098,2842.0217
7099,2267.8171
7100,1916.263
7101,1705.6205
7102,1655.2802
7103,1281.8905
7104,888.0048
7105,670.95483
7106,481.04968
7107,329.08093
7108,223.3402
7109,191.92192
7110,293.403
7111,555.4131
7112,906.27936
7113,1061.912
7114,1314.5192
7115,1186.9741
7116,1397.83
7117,1437.2712
7118,1573.311
7119,1641.1742
7120,1931.1929
7121,2052.057
7122,2110.0745
7123,2320.8308
7124,2007.4211
7125,1856.7363
7126,1603.538
7127,1160.1725
7128,942.3576
7129,701.08923
7130,556.80634
7131,400.1469
7132,249.73552
7133,154.28995
7134,289.17587
7135,382.41486
7136,773.7342
7137,992.86975
7138,1037.867
7139,1118.505
7140,1525.1693
7141,1745.3805
7142,1706.176
7143,1863.0908
7144,2086.7488
7145,2187.526
7146,2319.7942
7147,2036.4838
7148,1959.7125
7149,1701.4055
7150,1460.648
7151,1062.8457
7152,723.82623
7153,440.86594
7154,288.10632
7155,213.35643
7156,149.67656
7157,199.36482
7158,487.54242
7159,1099.525
7160,2094.874
7161,1261.6544
7162,1047.1769
7163,1051.1797
7164,1220.0173
7165,1134.6187
7166,1142.6765
7167,1246.108
7168,1490.9617
7169,1981.0325
7170,2857.8809
7171,2503.4456
7172,2257.7104
7173,1999.2136
7174,1879.7135
7175,1216.0793
7176,938.28723
7177,657.9162
7178,470.05566
7179,300.2529
7180,225.417
7181,259.09534
7182,630.6152
7183,1355.0428
7184,2021.9021
7185,1274.9612
7186,955.84344
7187,1044.746
7188,1203.4049
7189,1334.1672
7190,1310.6649
7191,1477.4153
7192,1323.748
7193,1653.0054
7194,2100.766
7195,865.19525
7196,694.5111
7197,687.4985
7198,1177.9207
7199,818.2759
7200,717.2105
7201,567.3142
7202,408.21115
7203,276.20923
7204,183.22945
7205,212.77945
7206,521.1462
7207,1104.3444
7208,1642.1488
7209,1150.9135
7210,908.156
7211,1108.9971
7212,1218.5807
7213,1291.5865
7214,1314.2534
7215,1669.9753
7216,1683.5162
7217,2258.0603
7218,2989.1482
7219,2117.9878
7220,1882.7346
7221,1796.291
7222,1522.1215
7223,953.25037
7224,637.89594
7225,509.60135
7226,414.05234
7227,262.8354
7228,188.54927
7229,205.13611
7230,482.32468
7231,1230.3989
7232,1864.1332
7233,1134.6782
7234,976.25305
7235,1105.1414
7236,1197.5399
7237,1374.8134
7238,1277.4922
7239,1313.2793
7240,1564.8668
7241,2059.607
7242,2958.9575
7243,2441.826
7244,2133.9644
7245,1931.6654
7246,1723.8646
7247,1213.6134
7248,914.95844
7249,766.6696
7250,573.6371
7251,366.7391
7252,269.12762
7253,302.7165
7254,756.0594
7255,1547.5673
7256,2225.2424
7257,1261.6063
7258,1004.1788
7259,1084.8606
7260,1203.2007
7261,1170.3696
7262,1217.2821
7263,1231.8313
7264,1455.8633
7265,1889.7178
7266,2926.386
7267,2653.6082
7268,2446.2976
7269,2147.215
7270,2037.2927
7271,1462.9586
7272,1096.9125
7273,989.46686
7274,649.0351
7275,372.0924
7276,289.28043
7277,296.9591
7278,603.51105
7279,1454.2916
7280,2077.776
7281,1235.654
7282,1009.3432
7283,1019.4263
7284,1031.6141
7285,1005.9846
7286,1030.7139
7287,1314.8715
7288,1414.5924
7289,2019.4856
7290,3078.0955
7291,2632.271
7292,2490.5518
7293,2305.4124
7294,1980.1456
7295,1644.6572
7296,1339.3309
7297,1084.3822
7298,754.8461
7299,507.2935
7300,347.24445
7301,278.84277
7302,386.99496
7303,585.50806
7304,933.91595
7305,1101.4283
7306,1054.7606
7307,1084.2023
7308,1376.383
7309,1389.9445
7310,1303.7703
7311,1604.4413
7312,1910.0841
7313,2243.8428
7314,2596.737
7315,2424.335
7316,2408.6228
7317,2027.4176
7318,1704.3481
7319,1569.292
7320,1221.0055
7321,972.29724
7322,613.66595
7323,372.10074
7324,251.27583
7325,219.46
7326,306.7531
7327,522.22406
7328,817.1822
7329,847.31586
7330,916.8495
7331,1088.179
7332,1214.5234
7333,1116.6361
7334,1197.5479
7335,1249.7439
7336,1584.5381
7337,1947.8574
7338,2386.7207
7339,2399.642
7340,2391.4507
7341,2195.4668
7342,1923.7253
7343,1304.1863
7344,789.5819
7345,550.77246
7346,405.17545
7347,282.75378
7348,216.08644
7349,292.40146
7350,717.37054
7351,1279.2086
7352,1686.9918
7353,1213.632
7354,955.724
7355,961.31384
7356,819.44025
7357,913.46497
7358,831.4045
7359,1021.1909
7360,1173.367
7361,1936.9052
7362,2876.9421
7363,2433.0056
7364,2430.72
7365,2305.6145
7366,1918.3118
7367,1383.6636
7368,940.6772
7369,799.6183
7370,567.2885
7371,327.652
7372,206.3112
7373,93.12322
7374,147.27104
7375,69.916794
7376,35.248577
7377,22.68315
7378,19.327497
7379,22.553726
7380,22.662949
7381,31.414076
7382,29.461794
7383,82.88758
7384,86.620285
7385,119.64548
7386,210.14572
7387,183.2748
7388,206.98283
7389,415.95364
7390,732.54285
7391,654.3857
7392,345.14514
7393,225.4397
7394,210.59451
7395,133.0813
7396,130.82741
7397,187.95978
7398,381.44763
7399,1045.1206
7400,1462.5826
7401,877.7722
7402,865.40485
7403,1073.8682
7404,1165.3394
7405,1367.8486
7406,1330.1875
7407,1514.4279
7408,1726.148
7409,2327.3848
7410,3318.7664
7411,2628.794
7412,2258.2434
7413,2081.8809
7414,1876.162
7415,1276.938
7416,907.82477
7417,776.4411
7418,553.4071
7419,373.7196
7420,256.32516
7421,232.8668
7422,473.51584
7423,1059.9325
7424,1848.0519
7425,1272.5438
7426,924.7307
7427,1033.0338
7428,1090.1328
7429,1140.081
7430,543.56696
7431,688.21185
7432,381.2994
7433,166.58826
7434,487.02707
7435,563.4861
7436,810.3072
7437,1077.7108
7438,965.96625
7439,750.5131
7440,544.5907
7441,214.86386
7442,159.94646
7443,146.8842
7444,59.87211
7445,50.201767
7446,181.37146
7447,644.6549
7448,1418.2626
7449,1078.5447
7450,1053.4869
7451,1092.2344
7452,1156.22
7453,1211.5111
7454,1173.0867
7455,1313.8606
7456,1515.2687
7457,2088.0706
7458,3129.2651
7459,2565.3132
7460,2326.7324
7461,1779.6412
7462,1798.4781
7463,1375.7184
7464,1173.1628
7465,993.6849
7466,710.28394
7467,472.33777
7468,221.59274
7469,227.28108
7470,281.21542
7471,498.43204
7472,764.8053
7473,705.0781
7474,434.5843
7475,217.1664
7476,117.432915
7477,521.69116
7478,1055.538
7479,1025.8058
7480,1208.7839
7481,1146.033
7482,759.0062
7483,496.78748
7484,1175.4132
7485,1447.9562
7486,1333.7709
7487,1005.8153
7488,1149.2803
7489,1025.1334
7490,655.8039
7491,452.9606
7492,328.54504
7493,280.35333
7494,389.33377
7495,573.7328
7496,720.9476
7497,667.5517
7498,630.4675
7499,711.2298
7500,869.88214
7501,841.1731
7502,880.1998
7503,822.5286
7504,1073.7007
7505,1216.7435
7506,1633.6483
7507,1610.6648
7508,1710.5889
7509,1730.6265
7510,1688.8881
7511,1290.6145
7512,1120.7238
7513,902.5404
7514,586.5341
7515,413.2123
7516,272.46603
7517,222.21132
7518,300.64975
7519,410.2691
7520,590.4566
7521,625.08295
7522,599.35406
7523,630.71893
7524,718.51056
7525,783.92944
7526,831.2653
7527,934.2643
7528,1046.2126
7529,1387.0742
7530,1631.7269
7531,1421.7693
7532,1526.0153
7533,1472.2394
7534,1394.117
7535,1021.5878
7536,824.15436
7537,542.38947
7538,371.7498
7539,294.68976
7540,208.87636
7541,295.9059
7542,680.7335
7543,1269.5903
7544,1862.3757
7545,874.0771
7546,655.5688
7547,681.86145
7548,713.8538
7549,741.9823
7550,780.2185
7551,777.7206
7552,1020.72644
7553,1387.4196
7554,2323.156
7555,2091.2063
7556,2169.4988
7557,2076.6863
7558,1807.8364
7559,1331.2478
7560,879.1382
7561,682.87665
7562,463.05948
7563,306.23444
7564,229.39783
7565,289.11935
7566,668.166
7567,1209.7203
7568,1546.6873
7569,921.4932
7570,644.47974
7571,637.0707
7572,714.16705
7573,685.8031
7574,706.55493
7575,800.8267
7576,1154.4956
7577,1515.0859
7578,2278.0168
7579,2149.107
7580,2100.3413
7581,2012.3741
7582,1882.696
7583,1323.5404
7584,937.06036
7585,757.673
7586,547.50507
7587,405.40018
7588,278.10648
7589,338.0854
7590,744.57635
7591,1382.6671
7592,2003.9619
7593,1078.8024
7594,848.08954
7595,835.7234
7596,888.1755
7597,821.9123
7598,787.1268
7599,801.33746
7600,944.2522
7601,1589.2462
7602,2535.1436
7603,2286.2087
7604,2096.257
7605,1994.4651
7606,1806.4706
7607,1336.6085
7608,990.0445
7609,759.21075
7610,514.7218
7611,339.90033
7612,249.68956
7613,293.7177
7614,630.0501
7615,1161.2053
7616,1792.9425
7617,1067.3647
7618,770.4925
7619,671.20984
7620,825.1402
7621,834.97815
7622,791.51984
7623,870.75073
7624,1036.3398
7625,1486.2832
7626,2313.3088
7627,2155.8215
7628,2054.3958
7629,1884.0323
7630,1731.854
7631,1254.3195
7632,940.81134
7633,844.34174
7634,556.9213
7635,373.97025
7636,261.2393
7637,290.20056
7638,607.2247
7639,1143.2167
7640,1752.3864
7641,836.1527
7642,640.32544
7643,711.1328
7644,714.48145
7645,684.3784
7646,837.83417
7647,766.3955
7648,923.61096
7649,1398.5312
7650,2396.3752
7651,2074.514
7652,1892.1333
7653,1828.851
7654,1772.9119
7655,1224.1395
7656,1114.2712
7657,922.36237
7658,629.50745
7659,406.7141
7660,300.68085
7661,259.18048
7662,333.73956
7663,549.7848
7664,724.5794
7665,647.68835
7666,636.3444
7667,620.8718
7668,576.3638
7669,430.88354
7670,225.20782
7671,793.5621
7672,609.2424
7673,1163.2303
7674,1684.5505
7675,1537.8997
7676,1567.9493
7677,1536.6411
7678,1467.6393
7679,1172.518
7680,1098.4303
7681,904.03674
7682,628.6843
7683,451.8145
7684,282.7971
7685,228.62424
7686,299.5856
7687,396.954
7688,555.9762
7689,623.00977
7690,574.667
7691,652.6777
7692,825.33496
7693,825.7424
7694,830.37195
7695,954.2559
7696,1173.1455
7697,1317.113
7698,1516.7311
7699,1630.4995
7700,1641.7871
7701,1831.0105
7702,1703.054
7703,1250.5845
7704,892.863
7705,561.8878
7706,385.2341
7707,267.97324
7708,204.0611
7709,307.9844
7710,715.35657
7711,1286.8352
7712,1967.3273
7713,889.7536
7714,647.22125
7715,658.90295
7716,700.4273
7717,696.82153
7718,716.22076
7719,770.96765
7720,944.2495
7721,1346.6915
7722,1966.6276
7723,1632.3456
7724,1693.139
7725,1759.6141
7726,1790.3137
7727,1228.8235
7728,999.77747
7729,723.79517
7730,497.4716
7731,339.78622
7732,233.84601
7733,300.98685
7734,673.9931
7735,1275.5237
7736,1806.7513
7737,915.6384
7738,628.9725
7739,655.16656
7740,739.2207
7741,689.55963
7742,753.91626
7743,822.6636
7744,878.08453
7745,1282.5099
7746,2167.222
7747,1974.7634
7748,2006.423
7749,1924.4731
7750,1719.962
7751,1371.9796
7752,895.0459
7753,662.5017
7754,387.02893
7755,156.75905
7756,105.29937
7757,101.45749
7758,136.1856
7759,439.35956
7760,1468.8827
7761,1098.698
7762,828.48975
7763,822.451
7764,1033.7567
7765,925.4069
7766,997.9375
7767,1015.7623
7768,1198.9968
7769,1668.1974
7770,2549.9624
7771,2287.4355
7772,2044.8043
7773,1844.9878
7774,1729.6455
7775,1183.6355
7776,987.24286
7777,824.9415
7778,596.4273
7779,420.87805
7780,288.12225
7781,312.87964
7782,669.1595
7783,1228.9811
7784,1818.4551
7785,1036.3685
7786,631.29846
7787,647.9837
7788,673.5475
7789,651.556
7790,667.4928
7791,673.0896
7792,905.2519
7793,1212.2045
7794,1795.0991
7795,1785.8511
7796,1470.9553
7797,1597.7281
7798,1537.6239
7799,1162.071
7800,850.01056
7801,672.4192
7802,483.29138
7803,355.57693
7804,249.7142
7805,255.0309
7806,557.5282
7807,1182.2953
7808,1615.5183
7809,1000.41266
7810,845.7686
7811,645.99567
7812,792.86804
7813,1005.3295
7814,768.9161
7815,890.13385
7816,1196.7983
7817,1503.5198
7818,1996.0339
7819,1413.8628
7820,934.5303
7821,624.8889
7822,246.97552
7823,220.0338
7824,307.92288
7825,229.41467
7826,162.51894
7827,122.42475
7828,93.745186
7829,123.369644
7830,347.11978
7831,884.41797
7832,1692.9534
7833,1017.7026
7834,830.5791
7835,782.3043
7836,793.7006
7837,641.4433
7838,203.79816
7839,362.4834
7840,781.8684
7841,625.546
7842,766.477
7843,1247.2798
7844,1532.343
7845,1874.9386
7846,1663.7194
7847,1287.4319
7848,1106.9963
7849,979.13556
7850,694.0867
7851,466.5598
7852,332.47995
7853,300.70294
7854,403.43686
7855,666.63904
7856,962.1517
7857,984.90594
7858,826.35846
7859,908.0616
7860,1023.3606
7861,1132.4874
7862,1156.8823
7863,1389.3826
7864,1500.5052
7865,1639.9335
7866,2066.8706
7867,1989.8655
7868,1803.4806
7869,1794.3656
7870,1607.8662
7871,1273.6632
7872,1081.885
7873,925.0919
7874,599.2138
7875,446.15036
7876,280.07446
7877,197.28198
7878,265.00775
7879,410.5881
7880,628.9494
7881,758.87665
7882,800.1294
7883,880.08105
7884,1075.4895
7885,1170.6152
7886,752.57764
7887,1253.5415
7888,1302.181
7889,1683.9626
7890,1813.3584
7891,1454.431
7892,1191.1398
7893,385.12796
7894,173.25758
7895,223.54146
7896,187.38812
7897,63.699924
7898,55.142887
7899,26.069624
7900,19.262733
7901,34.147423
7902,77.34107
7903,109.95281
7904,190.16206
7905,76.987656
7906,55.097076
7907,73.94601
7908,198.87244
7909,169.28363
7910,437.2053
7911,664.6496
7912,967.39056
7913,1716.4203
7914,2195.5286
7915,1882.4313
7916,1653.1173
7917,1460.2155
7918,1492.121
7919,1164.4951
7920,976.6498
7921,658.33453
7922,536.85266
7923,318.83606
7924,214.83939
7925,227.86316
7926,510.14572
7927,1206.2706
7928,1748.5084
7929,973.866
7930,657.6041
7931,375.5195
7932,53.065544
7933,34.077137
7934,62.46476
7935,100.9736
7936,56.71519
7937,34.42116
7938,27.739275
7939,28.442293
7940,19.550936
7941,63.436367
7942,71.73343
7943,89.7232
7944,163.64378
7945,327.88474
7946,388.24185
7947,355.19818
7948,301.58636
7949,298.31818
7950,702.2094
7951,1334.9379
7952,1906.3126
7953,1157.1167
7954,913.05383
7955,906.0642
7956,1060.3445
7957,993.2623
7958,892.75525
7959,844.52374
7960,276.86563
7961,77.1577
7962,41.622833
7963,27.769476
7964,37.57296
7965,44.73531
7966,86.72758
7967,203.0013
7968,181.09044
7969,59.33133
7970,109.233116
7971,128.52274
7972,89.54668
7973,156.96213
7974,434.2009
7975,980.44324
7976,1294.49
7977,773.0306
7978,785.49054
7979,873.5708
7980,908.6758
7981,1008.9371
7982,1159.495
7983,1147.5367
7984,1173.4946
7985,1511.22
7986,1639.1915
7987,981.40076
7988,1588.9219
7989,1711.0784
7990,1470.6621
7991,1373.1053
7992,1000.8416
7993,824.2027
7994,583.26733
7995,358.95425
7996,268.51645
7997,269.161
7998,521.09247
7999,1090.9867
8000,1107.0411
8001,880.3321
8002,901.65125
8003,910.7749
8004,961.38165
8005,965.37775
8006,961.8975
8007,1082.8192
8008,1259.2521
8009,1651.6006
8010,2611.6533
8011,2194.9329
8012,1932.4226
8013,1923.3438
8014,1715.9628
8015,1107.8212
8016,801.24005
8017,574.91754
8018,177.75497
8019,59.30449
8020,32.662876
8021,32.1931
8022,32.235783
8023,35.21335
8024,93.15702
8025,99.560234
8026,103.55253
8027,271.93112
8028,272.39288
8029,417.6398
8030,639.18604
8031,918.3525
8032,1280.7369
8033,1744.032
8034,2564.8975
8035,1579.4055
8036,1575.1111
8037,1534.2118
8038,1521.9176
8039,1197.7466
8040,1082.1575
8041,789.417
8042,429.0308
8043,127.692024
8044,48.06383
8045,66.20511
8046,90.06659
8047,327.79156
8048,702.7678
8049,912.5333
8050,890.2327
8051,1099.3877
8052,1403.5646
8053,1663.963
8054,1467.0425
8055,1695.7164
8056,1823.3643
8057,1990.8127
8058,2188.9492
8059,1743.6154
8060,1686.1482
8061,1661.7484
8062,1428.4268
8063,1033.5403
8064,986.4744
8065,795.65814
8066,610.0395
8067,376.33548
8068,240.9945
8069,151.68149
8070,221.37698
8071,318.34158
8072,483.61295
8073,670.27496
8074,725.6983
8075,865.42426
8076,1159.2954
8077,1501.9326
8078,1688.4307
8079,2079.359
8080,1922.1565
8081,2083.7957
8082,1932.6724
8083,1546.1991
8084,1531.9879
8085,1548.5277
8086,1366.6869
8087,956.3025
8088,894.65674
8089,599.37036
8090,456.00107
8091,328.92374
8092,225.38971
8093,210.3385
8094,410.9832
8095,701.3782
8096,1113.7618
8097,966.8174
8098,961.0613
8099,1137.5537
8100,1316.5428
8101,1343.1637
8102,1378.9865
8103,1530.7845
8104,1772.1833
8105,2054.6445
8106,2380.7659
8107,1707.011
8108,1649.9672
8109,1567.154
8110,1478.0615
8111,901.1686
8112,1040.5856
8113,725.11926
8114,537.4907
8115,347.4576
8116,233.26689
8117,210.14622
8118,410.99866
8119,694.26245
8120,934.1146
8121,916.4264
8122,1009.6431
8123,1160.8232
8124,1283.3962
8125,1361.306
8126,1425.2949
8127,1671.0212
8128,1844.6984
8129,2159.022
8130,2225.5383
8131,1903.6493
8132,1636.1539
8133,1702.1399
8134,1481.6187
8135,1162.6985
8136,865.63763
8137,653.78595
8138,500.90997
8139,309.01486
8140,221.8795
8141,269.6074
8142,566.0836
8143,1319.459
8144,1832.554
8145,1243.1163
8146,947.18207
8147,1089.7893
8148,1219.4095
8149,1208.0256
8150,1325.8447
8151,1466.2899
8152,1719.206
8153,2097.918
8154,2760.586
8155,2042.1471
8156,1867.5897
8157,1768.4606
8158,1728.2754
8159,1242.6974
8160,822.1604
8161,606.267
8162,487.76892
8163,312.12863
8164,221.19391
8165,232.17484
8166,513.6205
8167,1159.354
8168,1993.9763
8169,1203.0349
8170,948.1649
8171,1039.4246
8172,1188.0234
8173,1208.8358
8174,1345.7595
8175,1421.6188
8176,1638.8907
8177,2131.2268
8178,2624.06
8179,2065.1929
8180,1754.6942
8181,1758.964
8182,1680.5935
8183,1185.105
8184,0.06157423
8185,0.04747657
8186,0.033146895
8187,0.020671846
8188,0.015476291
8189,0.016747583
8190,0.03660459
8191,0.06122555
8192,0.08454659
8193,0.05555016
8194,0.04356059
8195,0.047051374
8196,0.05056963
8197,0.053481024
8198,0.05283672
8199,0.059874374
8200,0.06635385
8201,0.08210792
8202,0.10743241
8203,0.06922781
8204,0.071603425
8205,0.06526911
8206,0.057546914
8207,0.044259675
8208,918.8913
8209,735.0685
8210,554.8696
8211,356.0167
8212,246.69328
8213,223.50917
8214,303.75424
8215,531.96387
8216,824.86676
8217,943.4155
8218,979.4951
8219,1142.6123
8220,1365.6309
8221,1433.0161
8222,1464.9062
8223,1782.0989
8224,1917.1276
8225,2184.103
8226,2371.9941
8227,1706.9606
8228,1682.0638
8229,1712.2937
8230,1478.476
8231,1150.0895
8232,0.06514136
8233,0.049236406
8234,0.035850707
8235,0.024048107
8236,0.01642338
8237,0.012534295
8238,0.01818225
8239,0.022700682
8240,0.03185811
8241,0.037754346
8242,0.039564904
8243,0.046700392
8244,0.061271403
8245,0.07205265
8246,0.066666394
8247,0.080306806
8248,0.08088101
8249,0.08660281
8250,0.09996272
8251,0.074314415
8252,0.0723157
8253,0.071719244
8254,0.058018617
8255,0.03347496
8256,701.4935
8257,668.5851
8258,442.78354
8259,315.23453
8260,196.0561
8261,145.42432
8262,196.99818
8263,350.0694
8264,581.3606
8265,772.1851
8266,786.2771
8267,1033.8202
8268,1402.2621
8269,1671.6708
8270,1756.953
8271,1911.2694
8272,1898.1736
8273,2041.7002
8274,1889.3466
8275,1482.6547
8276,1206.9657
8277,1192.5691
8278,1052.6754
8279,812.27124
8280,648.67645
8281,449.83185
8282,302.9023
8283,197.35199
8284,164.20627
8285,216.66856
8286,541.87787
8287,1123.2024
8288,2043.7964
8289,1192.6453
8290,890.71594
8291,919.65967
8292,1075.3772
8293,1137.1763
8294,1225.6102
8295,1321.8796
8296,1411.3678
8297,1747.1725
8298,2597.8975
8299,1769.0586
8300,1652.3875
8301,1530.8524
8302,1415.3824
8303,992.5379
8304,714.0884
8305,545.41766
8306,388.75406
8307,242.71191
8308,172.87575
8309,213.9865
8310,519.42
8311,1113.9048
8312,1487.4551
8313,911.1367
8314,517.9469
8315,207.515
8316,197.27315
8317,458.17017
8318,790.6274
8319,1016.26715
8320,1130.0798
8321,1472.2731
8322,2097.2358
8323,1431.8617
8324,1439.7283
8325,1476.4956
8326,1333.839
8327,959.1604
8328,683.1864
8329,561.1624
8330,367.41492
8331,256.9103
8332,165.6707
8333,185.25232
8334,416.9179
8335,719.0274
8336,1605.143
8337,1138.0664
8338,896.1883
8339,928.1796
8340,1054.0356
8341,1112.5623
8342,1182.2512
8343,1299.3545
8344,1531.4716
8345,1877.0443
8346,2528.359
8347,1569.1251
8348,1480.5106
8349,1482.0002
8350,1349.1488
8351,1022.27734
8352,750.90686
8353,604.17444
8354,478.3971
8355,299.02286
8356,192.99133
8357,181.00151
8358,381.6603
8359,957.88477
8360,1696.1887
8361,1115.9393
8362,864.2382
8363,992.6496
8364,1211.5249
8365,1301.0018
8366,1348.5428
8367,1383.9784
8368,1523.9414
8369,1857.2455
8370,2271.2422
8371,1728.9026
8372,1690.7865
8373,1583.1243
8374,1300.2979
8375,960.3123
8376,828.9766
8377,762.27924
8378,473.0268
8379,321.0583
8380,215.00694
8381,221.73703
8382,335.68655
8383,249.58481
8384,309.68204
8385,228.3915
8386,63.175705
8387,39.217655
8388,44.00271
8389,21.320429
8390,45.508938
8391,392.01276
8392,659.46277
8393,1465.1534
8394,1838.2173
8395,1559.5526
8396,1325.3643
8397,1398.3766
8398,1304.4885
8399,909.3446
8400,775.4776
8401,621.2639
8402,452.59076
8403,321.45334
8404,237.17395
8405,170.45749
8406,250.44507
8407,491.5024
8408,766.96545
8409,789.9374
8410,759.1868
8411,807.12775
8412,963.13214
8413,957.19763
8414,780.73175
8415,961.3097
8416,1112.8063
8417,964.258
8418,1074.285
8419,878.5989
8420,842.726
8421,739.3843
8422,683.5673
8423,624.39
8424,660.2768
8425,506.21747
8426,337.7602
8427,243.34811
8428,113.76074
8429,48.9235
8430,49.371876
8431,82.69883
8432,79.2019
8433,210.04895
8434,315.4473
8435,438.45062
8436,988.2527
8437,916.29663
8438,893.8304
8439,606.47
8440,351.40366
8441,339.48404
8442,613.51556
8443,535.8864
8444,780.1876
8445,671.98065
8446,647.9018
8447,506.0857
8448,368.9942
8449,270.3677
8450,164.24533
8451,147.9162
8452,118.60892
8453,183.11319
8454,446.87918
8455,968.4798
8456,1791.3009
8457,972.20404
8458,805.0164
8459,844.2761
8460,865.383
8461,943.78046
8462,967.03174
8463,1068.3984
8464,1225.3752
8465,1395.8623
8466,1987.8455
8467,1219.7561
8468,1029.7083
8469,888.9296
8470,795.43665
8471,562.8218
8472,505.4042
8473,352.45233
8474,227.16667
8475,147.04076
8476,105.93661
8477,130.3797
8478,302.10696
8479,774.5404
8480,1635.8839
8481,881.96985
8482,698.38495
8483,758.2827
8484,882.2214
8485,888.925
8486,925.1466
8487,1078.7314
8488,1190.8893
8489,1456.9132
8490,1922.6982
8491,1211.4175
8492,1099.5104
8493,1132.3923
8494,1020.4447
8495,824.3163
8496,565.31
8497,431.41745
8498,312.86862
8499,210.58237
8500,155.46632
8501,167.8805
8502,351.93893
8503,879.6842
8504,1814.8749
8505,938.05286
8506,772.1899
8507,881.01276
8508,931.6347
8509,1022.40753
8510,1085.4485
8511,1084.0938
8512,1340.1224
8513,1583.8922
8514,1955.9315
8515,1296.4402
8516,1127.5538
8517,837.2483
8518,679.34375
8519,439.83182
8520,360.42136
8521,214.0956
8522,103.45584
8523,129.77205
8524,121.41424
8525,167.2653
8526,354.97232
8527,846.3576
8528,1431.6637
8529,1019.2367
8530,788.76044
8531,762.5083
8532,801.1533
8533,856.8117
8534,794.14355
8535,815.50214
8536,850.72424
8537,1142.0164
8538,1199.8102
8539,977.17285
8540,868.314
8541,849.50653
8542,780.6297
8543,587.255
8544,495.25433
8545,351.64084
8546,291.916
8547,191.36595
8548,128.3799
8549,145.32774
8550,326.08963
8551,806.7314
8552,1345.4047
8553,752.79333
8554,568.32874
8555,692.1443
8556,787.328
8557,824.28723
8558,830.102
8559,848.7
8560,930.08246
8561,1024.3907
8562,1373.1277
8563,952.40027
8564,790.84265
8565,745.64575
8566,726.1597
8567,552.1348
8568,441.88016
8569,412.685
8570,298.085
8571,183.97052
8572,118.06305
8573,123.77622
8574,315.70703
8575,795.4757
8576,1232.3654
8577,649.69214
8578,540.2537
8579,677.94867
8580,711.121
8581,724.93256
8582,755.5844
8583,760.1522
8584,842.67175
8585,871.90826
8586,1062.3658
8587,799.97375
8588,676.1124
8589,664.1132
8590,644.28094
8591,554.35156
8592,605.6227
8593,483.4783
8594,340.8542
8595,243.99217
8596,164.04732
8597,121.437164
8598,80.436485
8599,46.76108
8600,37.359425
8601,35.04978
8602,22.38541
8603,87.87363
8604,134.38023
8605,236.38069
8606,297.20972
8607,672.9564
8608,430.58472
8609,450.42038
8610,439.96774
8611,395.13577
8612,357.2944
8613,379.4063
8614,379.5107
8615,322.0752
8616,392.39035
8617,317.9614
8618,248.27177
8619,175.11417
8620,103.358604
8621,62.011913
8622,85.53144
8623,138.63509
8624,206.77144
8625,299.19644
8626,391.91537
8627,565.9597
8628,791.02673
8629,820.3817
8630,824.36346
8631,806.8322
8632,811.2602
8633,660.9846
8634,502.29266
8635,466.82797
8636,443.58276
8637,414.0796
8638,369.3526
8639,301.02917
8640,354.9989
8641,225.63284
8642,161.06517
8643,109.140236
8644,77.52994
8645,112.81142
8646,245.11725
8647,543.38245
8648,992.5095
8649,792.9444
8650,652.91705
8651,716.7729
8652,847.1684
8653,835.9211
8654,884.0596
8655,997.01526
8656,1201.8848
8657,1183.3945
8658,1461.1669
8659,912.65125
8660,782.5401
8661,724.6841
8662,728.8131
8663,524.6243
8664,433.20367
8665,303.94403
8666,261.20416
8667,169.91904
8668,90.93507
8669,145.33717
8670,314.51218
8671,681.36615
8672,1625.9437
8673,863.7789
8674,656.71857
8675,766.11523
8676,799.087
8677,803.48395
8678,789.03015
8679,908.83093
8680,925.0275
8681,1144.3718
8682,1519.2783
8683,1358.7173
8684,1051.8411
8685,1077.2212
8686,946.4813
8687,691.32825
8688,459.37793
8689,352.78625
8690,272.43277
8691,182.67522
8692,103.415054
8693,130.22562
8694,281.45395
8695,661.6686
8696,1203.7023
8697,701.80237
8698,596.61816
8699,687.6555
8700,697.9891
8701,718.9715
8702,756.4052
8703,799.6896
8704,862.107
8705,1195.9187
8706,1364.8171
8707,1046.0809
8708,867.11536
8709,739.11005
8710,722.29846
8711,542.7074
8712,488.38123
8713,365.23477
8714,272.49667
8715,193.27875
8716,136.12288
8717,140.83955
8718,319.63644
8719,752.9804
8720,1377.6726
8721,785.1265
8722,637.72565
8723,731.3475
8724,717.19135
8725,722.76807
8726,729.9528
8727,903.6036
8728,941.30493
8729,889.29297
8730,1105.3385
8731,886.68634
8732,787.6693
8733,746.7374
8734,634.3265
8735,471.3195
8736,472.33957
8737,359.69717
8738,270.13718
8739,171.90462
8740,110.646225
8741,118.25083
8742,269.34973
8743,672.6363
8744,1152.0474
8745,707.24695
8746,560.1105
8747,729.1291
8748,774.7931
8749,886.5173
8750,770.3437
8751,878.1938
8752,922.1205
8753,1077.3949
8754,1203.2736
8755,927.7623
8756,671.425
8757,577.484
8758,412.8456
8759,252.2593
